,都道府県コード,都道府県名,元号,和暦（年）,西暦（年）,注,人口（総数）,前回集計時との差分,増減割合
0,00,全国,大正,9.0,1920.0,,"55,963,053",0,0.00%
48,00,全国,大正,14.0,1925.0,,"59,736,822","3,773,769",6.32%
96,00,全国,昭和,5.0,1930.0,,"64,450,005","4,713,183",7.31%
144,00,全国,昭和,10.0,1935.0,,"69,254,148","4,804,143",6.94%
192,00,全国,昭和,15.0,1940.0,,"73,114,308","3,860,160",5.28%
240,00,全国,昭和,20.0,1945.0,1),"71,998,104","-1,116,204",-1.55%
288,00,全国,昭和,25.0,1950.0,,"84,114,574","12,116,470",14.40%
336,00,全国,昭和,30.0,1955.0,,"90,076,594","5,962,020",6.62%
384,00,全国,昭和,35.0,1960.0,2),"94,301,623","4,225,029",4.48%
432,00,全国,昭和,40.0,1965.0,,"99,209,137","4,907,514",4.95%
480,00,全国,昭和,45.0,1970.0,,"104,665,171","5,456,034",5.21%
530,00,全国,昭和,50.0,1975.0,,"111,939,643","7,274,472",6.50%
580,00,全国,昭和,55.0,1980.0,,"117,060,396","5,120,753",4.37%
630,00,全国,昭和,60.0,1985.0,,"121,048,923","3,988,527",3.29%
680,00,全国,平成,2.0,1990.0,,"123,611,167","2,562,244",2.07%
730,00,全国,平成,7.0,1995.0,,"125,570,246","1,959,079",1.56%
780,00,全国,平成,12.0,2000.0,,"126,925,843","1,355,597",1.07%
830,00,全国,平成,17.0,2005.0,,"127,767,994","842,151",0.66%
880,00,全国,平成,22.0,2010.0,,"128,057,352","289,358",0.23%
930,00,全国,平成,27.0,2015.0,,"127,094,745","-962,607",-0.76%
1,01,北海道,大正,9.0,1920.0,,"2,359,183",0,0.00%
49,01,北海道,大正,14.0,1925.0,,"2,498,679","139,496",5.58%
97,01,北海道,昭和,5.0,1930.0,,"2,812,335","313,656",11.15%
145,01,北海道,昭和,10.0,1935.0,,"3,068,282","255,947",8.34%
193,01,北海道,昭和,15.0,1940.0,,"3,272,718","204,436",6.25%
241,01,北海道,昭和,20.0,1945.0,1),"3,518,389","245,671",6.98%
289,01,北海道,昭和,25.0,1950.0,,"4,295,567","777,178",18.09%
337,01,北海道,昭和,30.0,1955.0,,"4,773,087","477,520",10.00%
385,01,北海道,昭和,35.0,1960.0,2),"5,039,206","266,119",5.28%
433,01,北海道,昭和,40.0,1965.0,,"5,171,800","132,594",2.56%
483,01,北海道,昭和,45.0,1970.0,,"5,184,287","12,487",0.24%
533,01,北海道,昭和,50.0,1975.0,,"5,338,206","153,919",2.88%
583,01,北海道,昭和,55.0,1980.0,,"5,575,989","237,783",4.26%
633,01,北海道,昭和,60.0,1985.0,,"5,679,439","103,450",1.82%
683,01,北海道,平成,2.0,1990.0,,"5,643,647","-35,792",-0.63%
733,01,北海道,平成,7.0,1995.0,,"5,692,321","48,674",0.86%
783,01,北海道,平成,12.0,2000.0,,"5,683,062","-9,259",-0.16%
833,01,北海道,平成,17.0,2005.0,,"5,627,737","-55,325",-0.98%
883,01,北海道,平成,22.0,2010.0,,"5,506,419","-121,318",-2.20%
933,01,北海道,平成,27.0,2015.0,,"5,381,733","-124,686",-2.32%
2,02,青森県,大正,9.0,1920.0,,"756,454",0,0.00%
50,02,青森県,大正,14.0,1925.0,,"812,977","56,523",6.95%
98,02,青森県,昭和,5.0,1930.0,,"879,914","66,937",7.61%
146,02,青森県,昭和,10.0,1935.0,,"967,129","87,215",9.02%
194,02,青森県,昭和,15.0,1940.0,,"1,000,509","33,380",3.34%
242,02,青森県,昭和,20.0,1945.0,1),"1,083,250","82,741",7.64%
290,02,青森県,昭和,25.0,1950.0,,"1,282,867","199,617",15.56%
338,02,青森県,昭和,30.0,1955.0,,"1,382,523","99,656",7.21%
386,02,青森県,昭和,35.0,1960.0,2),"1,426,606","44,083",3.09%
434,02,青森県,昭和,40.0,1965.0,,"1,416,591","-10,015",-0.71%
484,02,青森県,昭和,45.0,1970.0,,"1,427,520","10,929",0.77%
534,02,青森県,昭和,50.0,1975.0,,"1,468,646","41,126",2.80%
584,02,青森県,昭和,55.0,1980.0,,"1,523,907","55,261",3.63%
634,02,青森県,昭和,60.0,1985.0,,"1,524,448",541,0.04%
684,02,青森県,平成,2.0,1990.0,,"1,482,873","-41,575",-2.80%
734,02,青森県,平成,7.0,1995.0,,"1,481,663","-1,210",-0.08%
784,02,青森県,平成,12.0,2000.0,,"1,475,728","-5,935",-0.40%
834,02,青森県,平成,17.0,2005.0,,"1,436,657","-39,071",-2.72%
884,02,青森県,平成,22.0,2010.0,,"1,373,339","-63,318",-4.61%
934,02,青森県,平成,27.0,2015.0,,"1,308,265","-65,074",-4.97%
3,03,岩手県,大正,9.0,1920.0,,"845,540",0,0.00%
51,03,岩手県,大正,14.0,1925.0,,"900,984","55,444",6.15%
99,03,岩手県,昭和,5.0,1930.0,,"975,771","74,787",7.66%
147,03,岩手県,昭和,10.0,1935.0,,"1,046,111","70,340",6.72%
195,03,岩手県,昭和,15.0,1940.0,,"1,095,793","49,682",4.53%
243,03,岩手県,昭和,20.0,1945.0,1),"1,227,789","131,996",10.75%
291,03,岩手県,昭和,25.0,1950.0,,"1,346,728","118,939",8.83%
339,03,岩手県,昭和,30.0,1955.0,,"1,427,097","80,369",5.63%
387,03,岩手県,昭和,35.0,1960.0,2),"1,448,517","21,420",1.48%
435,03,岩手県,昭和,40.0,1965.0,,"1,411,118","-37,399",-2.65%
485,03,岩手県,昭和,45.0,1970.0,,"1,371,383","-39,735",-2.90%
535,03,岩手県,昭和,50.0,1975.0,,"1,385,563","14,180",1.02%
585,03,岩手県,昭和,55.0,1980.0,,"1,421,927","36,364",2.56%
635,03,岩手県,昭和,60.0,1985.0,,"1,433,611","11,684",0.82%
685,03,岩手県,平成,2.0,1990.0,,"1,416,928","-16,683",-1.18%
735,03,岩手県,平成,7.0,1995.0,,"1,419,505","2,577",0.18%
785,03,岩手県,平成,12.0,2000.0,,"1,416,180","-3,325",-0.23%
835,03,岩手県,平成,17.0,2005.0,,"1,385,041","-31,139",-2.25%
885,03,岩手県,平成,22.0,2010.0,,"1,330,147","-54,894",-4.13%
935,03,岩手県,平成,27.0,2015.0,,"1,279,594","-50,553",-3.95%
4,04,宮城県,大正,9.0,1920.0,,"961,768",0,0.00%
52,04,宮城県,大正,14.0,1925.0,,"1,044,036","82,268",7.88%
100,04,宮城県,昭和,5.0,1930.0,,"1,142,784","98,748",8.64%
148,04,宮城県,昭和,10.0,1935.0,,"1,234,801","92,017",7.45%
196,04,宮城県,昭和,15.0,1940.0,,"1,271,238","36,437",2.87%
244,04,宮城県,昭和,20.0,1945.0,1),"1,462,254","191,016",13.06%
292,04,宮城県,昭和,25.0,1950.0,,"1,663,442","201,188",12.09%
340,04,宮城県,昭和,30.0,1955.0,,"1,727,065","63,623",3.68%
388,04,宮城県,昭和,35.0,1960.0,2),"1,743,195","16,130",0.93%
436,04,宮城県,昭和,40.0,1965.0,,"1,753,126","9,931",0.57%
486,04,宮城県,昭和,45.0,1970.0,,"1,819,223","66,097",3.63%
536,04,宮城県,昭和,50.0,1975.0,,"1,955,267","136,044",6.96%
586,04,宮城県,昭和,55.0,1980.0,,"2,082,320","127,053",6.10%
636,04,宮城県,昭和,60.0,1985.0,,"2,176,295","93,975",4.32%
686,04,宮城県,平成,2.0,1990.0,,"2,248,558","72,263",3.21%
736,04,宮城県,平成,7.0,1995.0,,"2,328,739","80,181",3.44%
786,04,宮城県,平成,12.0,2000.0,,"2,365,320","36,581",1.55%
836,04,宮城県,平成,17.0,2005.0,,"2,360,218","-5,102",-0.22%
886,04,宮城県,平成,22.0,2010.0,,"2,348,165","-12,053",-0.51%
936,04,宮城県,平成,27.0,2015.0,,"2,333,899","-14,266",-0.61%
5,05,秋田県,大正,9.0,1920.0,,"898,537",0,0.00%
53,05,秋田県,大正,14.0,1925.0,,"936,408","37,871",4.04%
101,05,秋田県,昭和,5.0,1930.0,,"987,706","51,298",5.19%
149,05,秋田県,昭和,10.0,1935.0,,"1,037,744","50,038",4.82%
197,05,秋田県,昭和,15.0,1940.0,,"1,052,275","14,531",1.38%
245,05,秋田県,昭和,20.0,1945.0,1),"1,211,871","159,596",13.17%
293,05,秋田県,昭和,25.0,1950.0,,"1,309,031","97,160",7.42%
341,05,秋田県,昭和,30.0,1955.0,,"1,348,871","39,840",2.95%
389,05,秋田県,昭和,35.0,1960.0,2),"1,335,580","-13,291",-1.00%
437,05,秋田県,昭和,40.0,1965.0,,"1,279,835","-55,745",-4.36%
487,05,秋田県,昭和,45.0,1970.0,,"1,241,376","-38,459",-3.10%
537,05,秋田県,昭和,50.0,1975.0,,"1,232,481","-8,895",-0.72%
587,05,秋田県,昭和,55.0,1980.0,,"1,256,745","24,264",1.93%
637,05,秋田県,昭和,60.0,1985.0,,"1,254,032","-2,713",-0.22%
687,05,秋田県,平成,2.0,1990.0,,"1,227,478","-26,554",-2.16%
737,05,秋田県,平成,7.0,1995.0,,"1,213,667","-13,811",-1.14%
787,05,秋田県,平成,12.0,2000.0,,"1,189,279","-24,388",-2.05%
837,05,秋田県,平成,17.0,2005.0,,"1,145,501","-43,778",-3.82%
887,05,秋田県,平成,22.0,2010.0,,"1,085,997","-59,504",-5.48%
937,05,秋田県,平成,27.0,2015.0,,"1,023,119","-62,878",-6.15%
6,06,山形県,大正,9.0,1920.0,,"968,925",0,0.00%
54,06,山形県,大正,14.0,1925.0,,"1,027,297","58,372",5.68%
102,06,山形県,昭和,5.0,1930.0,,"1,080,034","52,737",4.88%
150,06,山形県,昭和,10.0,1935.0,,"1,116,822","36,788",3.29%
198,06,山形県,昭和,15.0,1940.0,,"1,119,338","2,516",0.22%
246,06,山形県,昭和,20.0,1945.0,1),"1,326,350","207,012",15.61%
294,06,山形県,昭和,25.0,1950.0,,"1,357,347","30,997",2.28%
342,06,山形県,昭和,30.0,1955.0,,"1,353,649","-3,698",-0.27%
390,06,山形県,昭和,35.0,1960.0,2),"1,320,664","-32,985",-2.50%
438,06,山形県,昭和,40.0,1965.0,,"1,263,103","-57,561",-4.56%
488,06,山形県,昭和,45.0,1970.0,,"1,225,618","-37,485",-3.06%
538,06,山形県,昭和,50.0,1975.0,,"1,220,302","-5,316",-0.44%
588,06,山形県,昭和,55.0,1980.0,,"1,251,917","31,615",2.53%
638,06,山形県,昭和,60.0,1985.0,,"1,261,662","9,745",0.77%
688,06,山形県,平成,2.0,1990.0,,"1,258,390","-3,272",-0.26%
738,06,山形県,平成,7.0,1995.0,,"1,256,958","-1,432",-0.11%
788,06,山形県,平成,12.0,2000.0,,"1,244,147","-12,811",-1.03%
838,06,山形県,平成,17.0,2005.0,,"1,216,181","-27,966",-2.30%
888,06,山形県,平成,22.0,2010.0,,"1,168,924","-47,257",-4.04%
938,06,山形県,平成,27.0,2015.0,,"1,123,891","-45,033",-4.01%
7,07,福島県,大正,9.0,1920.0,,"1,362,750",0,0.00%
55,07,福島県,大正,14.0,1925.0,,"1,437,596","74,846",5.21%
103,07,福島県,昭和,5.0,1930.0,,"1,508,150","70,554",4.68%
151,07,福島県,昭和,10.0,1935.0,,"1,581,563","73,413",4.64%
199,07,福島県,昭和,15.0,1940.0,,"1,625,521","43,958",2.70%
247,07,福島県,昭和,20.0,1945.0,1),"1,957,356","331,835",16.95%
295,07,福島県,昭和,25.0,1950.0,,"2,062,394","105,038",5.09%
343,07,福島県,昭和,30.0,1955.0,,"2,095,237","32,843",1.57%
391,07,福島県,昭和,35.0,1960.0,2),"2,051,137","-44,100",-2.15%
439,07,福島県,昭和,40.0,1965.0,,"1,983,754","-67,383",-3.40%
489,07,福島県,昭和,45.0,1970.0,,"1,946,077","-37,677",-1.94%
539,07,福島県,昭和,50.0,1975.0,,"1,970,616","24,539",1.25%
589,07,福島県,昭和,55.0,1980.0,,"2,035,272","64,656",3.18%
639,07,福島県,昭和,60.0,1985.0,,"2,080,304","45,032",2.16%
689,07,福島県,平成,2.0,1990.0,,"2,104,058","23,754",1.13%
739,07,福島県,平成,7.0,1995.0,,"2,133,592","29,534",1.38%
789,07,福島県,平成,12.0,2000.0,,"2,126,935","-6,657",-0.31%
839,07,福島県,平成,17.0,2005.0,,"2,091,319","-35,616",-1.70%
889,07,福島県,平成,22.0,2010.0,,"2,029,064","-62,255",-3.07%
939,07,福島県,平成,27.0,2015.0,,"1,914,039","-115,025",-6.01%
8,08,茨城県,大正,9.0,1920.0,,"1,350,400",0,0.00%
56,08,茨城県,大正,14.0,1925.0,,"1,409,092","58,692",4.17%
104,08,茨城県,昭和,5.0,1930.0,,"1,487,097","78,005",5.25%
152,08,茨城県,昭和,10.0,1935.0,,"1,548,991","61,894",4.00%
200,08,茨城県,昭和,15.0,1940.0,,"1,620,000","71,009",4.38%
248,08,茨城県,昭和,20.0,1945.0,1),"1,944,344","324,344",16.68%
296,08,茨城県,昭和,25.0,1950.0,,"2,039,418","95,074",4.66%
344,08,茨城県,昭和,30.0,1955.0,,"2,064,037","24,619",1.19%
392,08,茨城県,昭和,35.0,1960.0,2),"2,047,024","-17,013",-0.83%
440,08,茨城県,昭和,40.0,1965.0,,"2,056,154","9,130",0.44%
490,08,茨城県,昭和,45.0,1970.0,,"2,143,551","87,397",4.08%
540,08,茨城県,昭和,50.0,1975.0,,"2,342,198","198,647",8.48%
590,08,茨城県,昭和,55.0,1980.0,,"2,558,007","215,809",8.44%
640,08,茨城県,昭和,60.0,1985.0,,"2,725,005","166,998",6.13%
690,08,茨城県,平成,2.0,1990.0,,"2,845,382","120,377",4.23%
740,08,茨城県,平成,7.0,1995.0,,"2,955,530","110,148",3.73%
790,08,茨城県,平成,12.0,2000.0,,"2,985,676","30,146",1.01%
840,08,茨城県,平成,17.0,2005.0,,"2,975,167","-10,509",-0.35%
890,08,茨城県,平成,22.0,2010.0,,"2,969,770","-5,397",-0.18%
940,08,茨城県,平成,27.0,2015.0,,"2,916,976","-52,794",-1.81%
9,09,栃木県,大正,9.0,1920.0,,"1,046,479",0,0.00%
57,09,栃木県,大正,14.0,1925.0,,"1,090,428","43,949",4.03%
105,09,栃木県,昭和,5.0,1930.0,,"1,141,737","51,309",4.49%
153,09,栃木県,昭和,10.0,1935.0,,"1,195,057","53,320",4.46%
201,09,栃木県,昭和,15.0,1940.0,,"1,206,657","11,600",0.96%
249,09,栃木県,昭和,20.0,1945.0,1),"1,546,355","339,698",21.97%
297,09,栃木県,昭和,25.0,1950.0,,"1,550,462","4,107",0.26%
345,09,栃木県,昭和,30.0,1955.0,,"1,547,580","-2,882",-0.19%
393,09,栃木県,昭和,35.0,1960.0,2),"1,513,624","-33,956",-2.24%
441,09,栃木県,昭和,40.0,1965.0,,"1,521,656","8,032",0.53%
491,09,栃木県,昭和,45.0,1970.0,,"1,580,021","58,365",3.69%
541,09,栃木県,昭和,50.0,1975.0,,"1,698,003","117,982",6.95%
591,09,栃木県,昭和,55.0,1980.0,,"1,792,201","94,198",5.26%
641,09,栃木県,昭和,60.0,1985.0,,"1,866,066","73,865",3.96%
691,09,栃木県,平成,2.0,1990.0,,"1,935,168","69,102",3.57%
741,09,栃木県,平成,7.0,1995.0,,"1,984,390","49,222",2.48%
791,09,栃木県,平成,12.0,2000.0,,"2,004,817","20,427",1.02%
841,09,栃木県,平成,17.0,2005.0,,"2,016,631","11,814",0.59%
891,09,栃木県,平成,22.0,2010.0,,"2,007,683","-8,948",-0.45%
941,09,栃木県,平成,27.0,2015.0,,"1,974,255","-33,428",-1.69%
481,0A,人口集中地区,昭和,45.0,1970.0,,"55,996,885","54,022,630",96.47%
531,0A,人口集中地区,昭和,50.0,1975.0,,"63,822,648","7,825,763",12.26%
581,0A,人口集中地区,昭和,55.0,1980.0,,"69,934,854","6,112,206",8.74%
631,0A,人口集中地区,昭和,60.0,1985.0,,"73,344,121","3,409,267",4.65%
681,0A,人口集中地区,平成,2.0,1990.0,,"78,152,452","4,808,331",6.15%
731,0A,人口集中地区,平成,7.0,1995.0,,"81,254,670","3,102,218",3.82%
781,0A,人口集中地区,平成,12.0,2000.0,,"82,809,682","1,555,012",1.88%
831,0A,人口集中地区,平成,17.0,2005.0,,"84,331,415","1,521,733",1.80%
881,0A,人口集中地区,平成,22.0,2010.0,,"86,121,462","1,790,047",2.08%
931,0A,人口集中地区,平成,27.0,2015.0,,"86,868,176","746,714",0.86%
482,0B,人口集中地区以外の地区,昭和,45.0,1970.0,,"48,668,286","-38,199,890",-78.49%
532,0B,人口集中地区以外の地区,昭和,50.0,1975.0,,"48,116,995","-551,291",-1.15%
582,0B,人口集中地区以外の地区,昭和,55.0,1980.0,,"47,125,542","-991,453",-2.10%
632,0B,人口集中地区以外の地区,昭和,60.0,1985.0,,"47,704,802","579,260",1.21%
682,0B,人口集中地区以外の地区,平成,2.0,1990.0,,"45,458,715","-2,246,087",-4.94%
732,0B,人口集中地区以外の地区,平成,7.0,1995.0,,"44,315,576","-1,143,139",-2.58%
782,0B,人口集中地区以外の地区,平成,12.0,2000.0,,"44,116,161","-199,415",-0.45%
832,0B,人口集中地区以外の地区,平成,17.0,2005.0,,"43,436,579","-679,582",-1.56%
882,0B,人口集中地区以外の地区,平成,22.0,2010.0,,"41,935,890","-1,500,689",-3.58%
932,0B,人口集中地区以外の地区,平成,27.0,2015.0,,"40,226,569","-1,709,321",-4.25%
10,10,群馬県,大正,9.0,1920.0,,"1,052,610",0,0.00%
58,10,群馬県,大正,14.0,1925.0,,"1,118,858","66,248",5.92%
106,10,群馬県,昭和,5.0,1930.0,,"1,186,080","67,222",5.67%
154,10,群馬県,昭和,10.0,1935.0,,"1,242,453","56,373",4.54%
202,10,群馬県,昭和,15.0,1940.0,,"1,299,027","56,574",4.36%
250,10,群馬県,昭和,20.0,1945.0,1),"1,546,081","247,054",15.98%
298,10,群馬県,昭和,25.0,1950.0,,"1,601,380","55,299",3.45%
346,10,群馬県,昭和,30.0,1955.0,,"1,613,549","12,169",0.75%
394,10,群馬県,昭和,35.0,1960.0,2),"1,578,476","-35,073",-2.22%
442,10,群馬県,昭和,40.0,1965.0,,"1,605,584","27,108",1.69%
492,10,群馬県,昭和,45.0,1970.0,,"1,658,909","53,325",3.21%
542,10,群馬県,昭和,50.0,1975.0,,"1,756,480","97,571",5.55%
592,10,群馬県,昭和,55.0,1980.0,,"1,848,562","92,082",4.98%
642,10,群馬県,昭和,60.0,1985.0,,"1,921,259","72,697",3.78%
692,10,群馬県,平成,2.0,1990.0,,"1,966,265","45,006",2.29%
742,10,群馬県,平成,7.0,1995.0,,"2,003,540","37,275",1.86%
792,10,群馬県,平成,12.0,2000.0,,"2,024,852","21,312",1.05%
842,10,群馬県,平成,17.0,2005.0,,"2,024,135",-717,-0.04%
892,10,群馬県,平成,22.0,2010.0,,"2,008,068","-16,067",-0.80%
942,10,群馬県,平成,27.0,2015.0,,"1,973,115","-34,953",-1.77%
11,11,埼玉県,大正,9.0,1920.0,,"1,319,533",0,0.00%
59,11,埼玉県,大正,14.0,1925.0,,"1,394,461","74,928",5.37%
107,11,埼玉県,昭和,5.0,1930.0,,"1,459,172","64,711",4.43%
155,11,埼玉県,昭和,10.0,1935.0,,"1,528,854","69,682",4.56%
203,11,埼玉県,昭和,15.0,1940.0,,"1,608,039","79,185",4.92%
251,11,埼玉県,昭和,20.0,1945.0,1),"2,047,261","439,222",21.45%
299,11,埼玉県,昭和,25.0,1950.0,,"2,146,445","99,184",4.62%
347,11,埼玉県,昭和,30.0,1955.0,,"2,262,623","116,178",5.13%
395,11,埼玉県,昭和,35.0,1960.0,2),"2,430,871","168,248",6.92%
443,11,埼玉県,昭和,40.0,1965.0,,"3,014,983","584,112",19.37%
493,11,埼玉県,昭和,45.0,1970.0,,"3,866,472","851,489",22.02%
543,11,埼玉県,昭和,50.0,1975.0,,"4,821,340","954,868",19.81%
593,11,埼玉県,昭和,55.0,1980.0,,"5,420,480","599,140",11.05%
643,11,埼玉県,昭和,60.0,1985.0,,"5,863,678","443,198",7.56%
693,11,埼玉県,平成,2.0,1990.0,,"6,405,319","541,641",8.46%
743,11,埼玉県,平成,7.0,1995.0,,"6,759,311","353,992",5.24%
793,11,埼玉県,平成,12.0,2000.0,,"6,938,006","178,695",2.58%
843,11,埼玉県,平成,17.0,2005.0,,"7,054,243","116,237",1.65%
893,11,埼玉県,平成,22.0,2010.0,,"7,194,556","140,313",1.95%
943,11,埼玉県,平成,27.0,2015.0,,"7,266,534","71,978",0.99%
12,12,千葉県,大正,9.0,1920.0,,"1,336,155",0,0.00%
60,12,千葉県,大正,14.0,1925.0,,"1,399,257","63,102",4.51%
108,12,千葉県,昭和,5.0,1930.0,,"1,470,121","70,864",4.82%
156,12,千葉県,昭和,10.0,1935.0,,"1,546,394","76,273",4.93%
204,12,千葉県,昭和,15.0,1940.0,,"1,588,425","42,031",2.65%
252,12,千葉県,昭和,20.0,1945.0,1),"1,966,862","378,437",19.24%
300,12,千葉県,昭和,25.0,1950.0,,"2,139,037","172,175",8.05%
348,12,千葉県,昭和,30.0,1955.0,,"2,205,060","66,023",2.99%
396,12,千葉県,昭和,35.0,1960.0,2),"2,306,010","100,950",4.38%
444,12,千葉県,昭和,40.0,1965.0,,"2,701,770","395,760",14.65%
494,12,千葉県,昭和,45.0,1970.0,,"3,366,624","664,854",19.75%
544,12,千葉県,昭和,50.0,1975.0,,"4,149,147","782,523",18.86%
594,12,千葉県,昭和,55.0,1980.0,,"4,735,424","586,277",12.38%
644,12,千葉県,昭和,60.0,1985.0,,"5,148,163","412,739",8.02%
694,12,千葉県,平成,2.0,1990.0,,"5,555,429","407,266",7.33%
744,12,千葉県,平成,7.0,1995.0,,"5,797,782","242,353",4.18%
794,12,千葉県,平成,12.0,2000.0,,"5,926,285","128,503",2.17%
844,12,千葉県,平成,17.0,2005.0,,"6,056,462","130,177",2.15%
894,12,千葉県,平成,22.0,2010.0,,"6,216,289","159,827",2.57%
944,12,千葉県,平成,27.0,2015.0,,"6,222,666","6,377",0.10%
13,13,東京都,大正,9.0,1920.0,,"3,699,428",0,0.00%
61,13,東京都,大正,14.0,1925.0,,"4,485,144","785,716",17.52%
109,13,東京都,昭和,5.0,1930.0,,"5,408,678","923,534",17.08%
157,13,東京都,昭和,10.0,1935.0,,"6,369,919","961,241",15.09%
205,13,東京都,昭和,15.0,1940.0,,"7,354,971","985,052",13.39%
253,13,東京都,昭和,20.0,1945.0,1),"3,488,284","-3,866,687",-110.85%
301,13,東京都,昭和,25.0,1950.0,,"6,277,500","2,789,216",44.43%
349,13,東京都,昭和,30.0,1955.0,,"8,037,084","1,759,584",21.89%
397,13,東京都,昭和,35.0,1960.0,2),"9,683,802","1,646,718",17.00%
445,13,東京都,昭和,40.0,1965.0,,"10,869,244","1,185,442",10.91%
495,13,東京都,昭和,45.0,1970.0,,"11,408,071","538,827",4.72%
545,13,東京都,昭和,50.0,1975.0,,"11,673,554","265,483",2.27%
595,13,東京都,昭和,55.0,1980.0,,"11,618,281","-55,273",-0.48%
645,13,東京都,昭和,60.0,1985.0,,"11,829,363","211,082",1.78%
695,13,東京都,平成,2.0,1990.0,,"11,855,563","26,200",0.22%
745,13,東京都,平成,7.0,1995.0,,"11,773,605","-81,958",-0.70%
795,13,東京都,平成,12.0,2000.0,,"12,064,101","290,496",2.41%
845,13,東京都,平成,17.0,2005.0,,"12,576,601","512,500",4.08%
895,13,東京都,平成,22.0,2010.0,,"13,159,388","582,787",4.43%
945,13,東京都,平成,27.0,2015.0,,"13,515,271","355,883",2.63%
14,14,神奈川県,大正,9.0,1920.0,,"1,323,390",0,0.00%
62,14,神奈川県,大正,14.0,1925.0,,"1,416,792","93,402",6.59%
110,14,神奈川県,昭和,5.0,1930.0,,"1,619,606","202,814",12.52%
158,14,神奈川県,昭和,10.0,1935.0,,"1,840,005","220,399",11.98%
206,14,神奈川県,昭和,15.0,1940.0,,"2,188,974","348,969",15.94%
254,14,神奈川県,昭和,20.0,1945.0,1),"1,865,667","-323,307",-17.33%
302,14,神奈川県,昭和,25.0,1950.0,,"2,487,665","621,998",25.00%
350,14,神奈川県,昭和,30.0,1955.0,,"2,919,497","431,832",14.79%
398,14,神奈川県,昭和,35.0,1960.0,2),"3,443,176","523,679",15.21%
446,14,神奈川県,昭和,40.0,1965.0,,"4,430,743","987,567",22.29%
496,14,神奈川県,昭和,45.0,1970.0,,"5,472,247","1,041,504",19.03%
546,14,神奈川県,昭和,50.0,1975.0,,"6,397,748","925,501",14.47%
596,14,神奈川県,昭和,55.0,1980.0,,"6,924,348","526,600",7.61%
646,14,神奈川県,昭和,60.0,1985.0,,"7,431,974","507,626",6.83%
696,14,神奈川県,平成,2.0,1990.0,,"7,980,391","548,417",6.87%
746,14,神奈川県,平成,7.0,1995.0,,"8,245,900","265,509",3.22%
796,14,神奈川県,平成,12.0,2000.0,,"8,489,974","244,074",2.87%
846,14,神奈川県,平成,17.0,2005.0,,"8,791,597","301,623",3.43%
896,14,神奈川県,平成,22.0,2010.0,,"9,048,331","256,734",2.84%
946,14,神奈川県,平成,27.0,2015.0,,"9,126,214","77,883",0.85%
15,15,新潟県,大正,9.0,1920.0,,"1,776,474",0,0.00%
63,15,新潟県,大正,14.0,1925.0,,"1,849,807","73,333",3.96%
111,15,新潟県,昭和,5.0,1930.0,,"1,933,326","83,519",4.32%
159,15,新潟県,昭和,10.0,1935.0,,"1,995,777","62,451",3.13%
207,15,新潟県,昭和,15.0,1940.0,,"2,064,402","68,625",3.32%
255,15,新潟県,昭和,20.0,1945.0,1),"2,389,653","325,251",13.61%
303,15,新潟県,昭和,25.0,1950.0,,"2,460,997","71,344",2.90%
351,15,新潟県,昭和,30.0,1955.0,,"2,473,492","12,495",0.51%
399,15,新潟県,昭和,35.0,1960.0,2),"2,442,037","-31,455",-1.29%
447,15,新潟県,昭和,40.0,1965.0,,"2,398,931","-43,106",-1.80%
497,15,新潟県,昭和,45.0,1970.0,,"2,360,982","-37,949",-1.61%
547,15,新潟県,昭和,50.0,1975.0,,"2,391,938","30,956",1.29%
597,15,新潟県,昭和,55.0,1980.0,,"2,451,357","59,419",2.42%
647,15,新潟県,昭和,60.0,1985.0,,"2,478,470","27,113",1.09%
697,15,新潟県,平成,2.0,1990.0,,"2,474,583","-3,887",-0.16%
747,15,新潟県,平成,7.0,1995.0,,"2,488,364","13,781",0.55%
797,15,新潟県,平成,12.0,2000.0,,"2,475,733","-12,631",-0.51%
847,15,新潟県,平成,17.0,2005.0,,"2,431,459","-44,274",-1.82%
897,15,新潟県,平成,22.0,2010.0,,"2,374,450","-57,009",-2.40%
947,15,新潟県,平成,27.0,2015.0,,"2,304,264","-70,186",-3.05%
16,16,富山県,大正,9.0,1920.0,,"724,276",0,0.00%
64,16,富山県,大正,14.0,1925.0,,"749,243","24,967",3.33%
112,16,富山県,昭和,5.0,1930.0,,"778,953","29,710",3.81%
160,16,富山県,昭和,10.0,1935.0,,"798,890","19,937",2.50%
208,16,富山県,昭和,15.0,1940.0,,"822,569","23,679",2.88%
256,16,富山県,昭和,20.0,1945.0,1),"953,834","131,265",13.76%
304,16,富山県,昭和,25.0,1950.0,,"1,008,790","54,956",5.45%
352,16,富山県,昭和,30.0,1955.0,,"1,021,121","12,331",1.21%
400,16,富山県,昭和,35.0,1960.0,2),"1,032,614","11,493",1.11%
448,16,富山県,昭和,40.0,1965.0,,"1,025,465","-7,149",-0.70%
498,16,富山県,昭和,45.0,1970.0,,"1,029,695","4,230",0.41%
548,16,富山県,昭和,50.0,1975.0,,"1,070,791","41,096",3.84%
598,16,富山県,昭和,55.0,1980.0,,"1,103,459","32,668",2.96%
648,16,富山県,昭和,60.0,1985.0,,"1,118,369","14,910",1.33%
698,16,富山県,平成,2.0,1990.0,,"1,120,161","1,792",0.16%
748,16,富山県,平成,7.0,1995.0,,"1,123,125","2,964",0.26%
798,16,富山県,平成,12.0,2000.0,,"1,120,851","-2,274",-0.20%
848,16,富山県,平成,17.0,2005.0,,"1,111,729","-9,122",-0.82%
898,16,富山県,平成,22.0,2010.0,,"1,093,247","-18,482",-1.69%
948,16,富山県,平成,27.0,2015.0,,"1,066,328","-26,919",-2.52%
17,17,石川県,大正,9.0,1920.0,,"747,360",0,0.00%
65,17,石川県,大正,14.0,1925.0,,"750,854","3,494",0.47%
113,17,石川県,昭和,5.0,1930.0,,"756,835","5,981",0.79%
161,17,石川県,昭和,10.0,1935.0,,"768,416","11,581",1.51%
209,17,石川県,昭和,15.0,1940.0,,"757,676","-10,740",-1.42%
257,17,石川県,昭和,20.0,1945.0,1),"887,510","129,834",14.63%
305,17,石川県,昭和,25.0,1950.0,,"957,279","69,769",7.29%
353,17,石川県,昭和,30.0,1955.0,,"966,187","8,908",0.92%
401,17,石川県,昭和,35.0,1960.0,2),"973,418","7,231",0.74%
449,17,石川県,昭和,40.0,1965.0,,"980,499","7,081",0.72%
499,17,石川県,昭和,45.0,1970.0,,"1,002,420","21,921",2.19%
549,17,石川県,昭和,50.0,1975.0,,"1,069,872","67,452",6.30%
599,17,石川県,昭和,55.0,1980.0,,"1,119,304","49,432",4.42%
649,17,石川県,昭和,60.0,1985.0,,"1,152,325","33,021",2.87%
699,17,石川県,平成,2.0,1990.0,,"1,164,628","12,303",1.06%
749,17,石川県,平成,7.0,1995.0,,"1,180,068","15,440",1.31%
799,17,石川県,平成,12.0,2000.0,,"1,180,977",909,0.08%
849,17,石川県,平成,17.0,2005.0,,"1,174,026","-6,951",-0.59%
899,17,石川県,平成,22.0,2010.0,,"1,169,788","-4,238",-0.36%
949,17,石川県,平成,27.0,2015.0,,"1,154,008","-15,780",-1.37%
18,18,福井県,大正,9.0,1920.0,,"599,155",0,0.00%
66,18,福井県,大正,14.0,1925.0,,"597,899","-1,256",-0.21%
114,18,福井県,昭和,5.0,1930.0,,"618,144","20,245",3.28%
162,18,福井県,昭和,10.0,1935.0,,"646,659","28,515",4.41%
210,18,福井県,昭和,15.0,1940.0,,"643,904","-2,755",-0.43%
258,18,福井県,昭和,20.0,1945.0,1),"724,856","80,952",11.17%
306,18,福井県,昭和,25.0,1950.0,,"752,374","27,518",3.66%
354,18,福井県,昭和,30.0,1955.0,,"754,055","1,681",0.22%
402,18,福井県,昭和,35.0,1960.0,2),"752,696","-1,359",-0.18%
450,18,福井県,昭和,40.0,1965.0,,"750,557","-2,139",-0.28%
500,18,福井県,昭和,45.0,1970.0,,"744,230","-6,327",-0.85%
550,18,福井県,昭和,50.0,1975.0,,"773,599","29,369",3.80%
600,18,福井県,昭和,55.0,1980.0,,"794,354","20,755",2.61%
650,18,福井県,昭和,60.0,1985.0,,"817,633","23,279",2.85%
700,18,福井県,平成,2.0,1990.0,,"823,585","5,952",0.72%
750,18,福井県,平成,7.0,1995.0,,"826,996","3,411",0.41%
800,18,福井県,平成,12.0,2000.0,,"828,944","1,948",0.23%
850,18,福井県,平成,17.0,2005.0,,"821,592","-7,352",-0.89%
900,18,福井県,平成,22.0,2010.0,,"806,314","-15,278",-1.89%
950,18,福井県,平成,27.0,2015.0,,"786,740","-19,574",-2.49%
19,19,山梨県,大正,9.0,1920.0,,"583,453",0,0.00%
67,19,山梨県,大正,14.0,1925.0,,"600,675","17,222",2.87%
115,19,山梨県,昭和,5.0,1930.0,,"631,042","30,367",4.81%
163,19,山梨県,昭和,10.0,1935.0,,"646,727","15,685",2.43%
211,19,山梨県,昭和,15.0,1940.0,,"663,026","16,299",2.46%
259,19,山梨県,昭和,20.0,1945.0,1),"839,057","176,031",20.98%
307,19,山梨県,昭和,25.0,1950.0,,"811,369","-27,688",-3.41%
355,19,山梨県,昭和,30.0,1955.0,,"807,044","-4,325",-0.54%
403,19,山梨県,昭和,35.0,1960.0,2),"782,062","-24,982",-3.19%
451,19,山梨県,昭和,40.0,1965.0,,"763,194","-18,868",-2.47%
501,19,山梨県,昭和,45.0,1970.0,,"762,029","-1,165",-0.15%
551,19,山梨県,昭和,50.0,1975.0,,"783,050","21,021",2.68%
601,19,山梨県,昭和,55.0,1980.0,,"804,256","21,206",2.64%
651,19,山梨県,昭和,60.0,1985.0,,"832,832","28,576",3.43%
701,19,山梨県,平成,2.0,1990.0,,"852,966","20,134",2.36%
751,19,山梨県,平成,7.0,1995.0,,"881,996","29,030",3.29%
801,19,山梨県,平成,12.0,2000.0,,"888,172","6,176",0.70%
851,19,山梨県,平成,17.0,2005.0,,"884,515","-3,657",-0.41%
901,19,山梨県,平成,22.0,2010.0,,"863,075","-21,440",-2.48%
951,19,山梨県,平成,27.0,2015.0,,"834,930","-28,145",-3.37%
20,20,長野県,大正,9.0,1920.0,,"1,562,722",0,0.00%
68,20,長野県,大正,14.0,1925.0,,"1,629,217","66,495",4.08%
116,20,長野県,昭和,5.0,1930.0,,"1,717,118","87,901",5.12%
164,20,長野県,昭和,10.0,1935.0,,"1,714,000","-3,118",-0.18%
212,20,長野県,昭和,15.0,1940.0,,"1,710,729","-3,271",-0.19%
260,20,長野県,昭和,20.0,1945.0,1),"2,121,050","410,321",19.35%
308,20,長野県,昭和,25.0,1950.0,,"2,060,831","-60,219",-2.92%
356,20,長野県,昭和,30.0,1955.0,,"2,021,292","-39,539",-1.96%
404,20,長野県,昭和,35.0,1960.0,2),"1,981,433","-39,859",-2.01%
452,20,長野県,昭和,40.0,1965.0,,"1,958,007","-23,426",-1.20%
502,20,長野県,昭和,45.0,1970.0,,"1,956,917","-1,090",-0.06%
552,20,長野県,昭和,50.0,1975.0,,"2,017,564","60,647",3.01%
602,20,長野県,昭和,55.0,1980.0,,"2,083,934","66,370",3.18%
652,20,長野県,昭和,60.0,1985.0,,"2,136,927","52,993",2.48%
702,20,長野県,平成,2.0,1990.0,,"2,156,627","19,700",0.91%
752,20,長野県,平成,7.0,1995.0,,"2,193,984","37,357",1.70%
802,20,長野県,平成,12.0,2000.0,,"2,215,168","21,184",0.96%
852,20,長野県,平成,17.0,2005.0,,"2,196,114","-19,054",-0.87%
902,20,長野県,平成,22.0,2010.0,,"2,152,449","-43,665",-2.03%
952,20,長野県,平成,27.0,2015.0,,"2,098,804","-53,645",-2.56%
21,21,岐阜県,大正,9.0,1920.0,,"1,070,407",0,0.00%
69,21,岐阜県,大正,14.0,1925.0,,"1,132,557","62,150",5.49%
117,21,岐阜県,昭和,5.0,1930.0,,"1,178,405","45,848",3.89%
165,21,岐阜県,昭和,10.0,1935.0,,"1,225,799","47,394",3.87%
213,21,岐阜県,昭和,15.0,1940.0,,"1,265,024","39,225",3.10%
261,21,岐阜県,昭和,20.0,1945.0,1),"1,518,649","253,625",16.70%
309,21,岐阜県,昭和,25.0,1950.0,,"1,544,538","25,889",1.68%
357,21,岐阜県,昭和,30.0,1955.0,,"1,583,605","39,067",2.47%
405,21,岐阜県,昭和,35.0,1960.0,2),"1,638,399","54,794",3.34%
453,21,岐阜県,昭和,40.0,1965.0,,"1,700,365","61,966",3.64%
503,21,岐阜県,昭和,45.0,1970.0,,"1,758,954","58,589",3.33%
553,21,岐阜県,昭和,50.0,1975.0,,"1,867,978","109,024",5.84%
603,21,岐阜県,昭和,55.0,1980.0,,"1,960,107","92,129",4.70%
653,21,岐阜県,昭和,60.0,1985.0,,"2,028,536","68,429",3.37%
703,21,岐阜県,平成,2.0,1990.0,,"2,066,569","38,033",1.84%
753,21,岐阜県,平成,7.0,1995.0,,"2,100,315","33,746",1.61%
803,21,岐阜県,平成,12.0,2000.0,,"2,107,700","7,385",0.35%
853,21,岐阜県,平成,17.0,2005.0,,"2,107,226",-474,-0.02%
903,21,岐阜県,平成,22.0,2010.0,,"2,080,773","-26,453",-1.27%
953,21,岐阜県,平成,27.0,2015.0,,"2,031,903","-48,870",-2.41%
22,22,静岡県,大正,9.0,1920.0,,"1,550,387",0,0.00%
70,22,静岡県,大正,14.0,1925.0,,"1,671,217","120,830",7.23%
118,22,静岡県,昭和,5.0,1930.0,,"1,797,805","126,588",7.04%
166,22,静岡県,昭和,10.0,1935.0,,"1,939,860","142,055",7.32%
214,22,静岡県,昭和,15.0,1940.0,,"2,017,860","78,000",3.87%
262,22,静岡県,昭和,20.0,1945.0,1),"2,220,358","202,498",9.12%
310,22,静岡県,昭和,25.0,1950.0,,"2,471,472","251,114",10.16%
358,22,静岡県,昭和,30.0,1955.0,,"2,650,435","178,963",6.75%
406,22,静岡県,昭和,35.0,1960.0,2),"2,756,271","105,836",3.84%
454,22,静岡県,昭和,40.0,1965.0,,"2,912,521","156,250",5.36%
504,22,静岡県,昭和,45.0,1970.0,,"3,089,895","177,374",5.74%
554,22,静岡県,昭和,50.0,1975.0,,"3,308,799","218,904",6.62%
604,22,静岡県,昭和,55.0,1980.0,,"3,446,804","138,005",4.00%
654,22,静岡県,昭和,60.0,1985.0,,"3,574,692","127,888",3.58%
704,22,静岡県,平成,2.0,1990.0,,"3,670,840","96,148",2.62%
754,22,静岡県,平成,7.0,1995.0,,"3,737,689","66,849",1.79%
804,22,静岡県,平成,12.0,2000.0,,"3,767,393","29,704",0.79%
854,22,静岡県,平成,17.0,2005.0,,"3,792,377","24,984",0.66%
904,22,静岡県,平成,22.0,2010.0,,"3,765,007","-27,370",-0.73%
954,22,静岡県,平成,27.0,2015.0,,"3,700,305","-64,702",-1.75%
23,23,愛知県,大正,9.0,1920.0,,"2,089,762",0,0.00%
71,23,愛知県,大正,14.0,1925.0,,"2,319,494","229,732",9.90%
119,23,愛知県,昭和,5.0,1930.0,,"2,567,413","247,919",9.66%
167,23,愛知県,昭和,10.0,1935.0,,"2,862,701","295,288",10.32%
215,23,愛知県,昭和,15.0,1940.0,,"3,166,592","303,891",9.60%
263,23,愛知県,昭和,20.0,1945.0,1),"2,857,851","-308,741",-10.80%
311,23,愛知県,昭和,25.0,1950.0,,"3,390,585","532,734",15.71%
359,23,愛知県,昭和,30.0,1955.0,,"3,769,209","378,624",10.05%
407,23,愛知県,昭和,35.0,1960.0,2),"4,206,313","437,104",10.39%
455,23,愛知県,昭和,40.0,1965.0,,"4,798,653","592,340",12.34%
505,23,愛知県,昭和,45.0,1970.0,,"5,386,163","587,510",10.91%
555,23,愛知県,昭和,50.0,1975.0,,"5,923,569","537,406",9.07%
605,23,愛知県,昭和,55.0,1980.0,,"6,221,638","298,069",4.79%
655,23,愛知県,昭和,60.0,1985.0,,"6,455,172","233,534",3.62%
705,23,愛知県,平成,2.0,1990.0,,"6,690,603","235,431",3.52%
755,23,愛知県,平成,7.0,1995.0,,"6,868,336","177,733",2.59%
805,23,愛知県,平成,12.0,2000.0,,"7,043,300","174,964",2.48%
855,23,愛知県,平成,17.0,2005.0,,"7,254,704","211,404",2.91%
905,23,愛知県,平成,22.0,2010.0,,"7,410,719","156,015",2.11%
955,23,愛知県,平成,27.0,2015.0,,"7,483,128","72,409",0.97%
24,24,三重県,大正,9.0,1920.0,,"1,069,270",0,0.00%
72,24,三重県,大正,14.0,1925.0,,"1,107,692","38,422",3.47%
120,24,三重県,昭和,5.0,1930.0,,"1,157,407","49,715",4.30%
168,24,三重県,昭和,10.0,1935.0,,"1,174,595","17,188",1.46%
216,24,三重県,昭和,15.0,1940.0,,"1,198,783","24,188",2.02%
264,24,三重県,昭和,20.0,1945.0,1),"1,394,286","195,503",14.02%
312,24,三重県,昭和,25.0,1950.0,,"1,461,197","66,911",4.58%
360,24,三重県,昭和,30.0,1955.0,,"1,485,582","24,385",1.64%
408,24,三重県,昭和,35.0,1960.0,2),"1,485,054",-528,-0.04%
456,24,三重県,昭和,40.0,1965.0,,"1,514,467","29,413",1.94%
506,24,三重県,昭和,45.0,1970.0,,"1,543,083","28,616",1.85%
556,24,三重県,昭和,50.0,1975.0,,"1,626,002","82,919",5.10%
606,24,三重県,昭和,55.0,1980.0,,"1,686,936","60,934",3.61%
656,24,三重県,昭和,60.0,1985.0,,"1,747,311","60,375",3.46%
706,24,三重県,平成,2.0,1990.0,,"1,792,514","45,203",2.52%
756,24,三重県,平成,7.0,1995.0,,"1,841,358","48,844",2.65%
806,24,三重県,平成,12.0,2000.0,,"1,857,339","15,981",0.86%
856,24,三重県,平成,17.0,2005.0,,"1,866,963","9,624",0.52%
906,24,三重県,平成,22.0,2010.0,,"1,854,724","-12,239",-0.66%
956,24,三重県,平成,27.0,2015.0,,"1,815,865","-38,859",-2.14%
25,25,滋賀県,大正,9.0,1920.0,,"651,050",0,0.00%
73,25,滋賀県,大正,14.0,1925.0,,"662,412","11,362",1.72%
121,25,滋賀県,昭和,5.0,1930.0,,"691,631","29,219",4.22%
169,25,滋賀県,昭和,10.0,1935.0,,"711,436","19,805",2.78%
217,25,滋賀県,昭和,15.0,1940.0,,"703,679","-7,757",-1.10%
265,25,滋賀県,昭和,20.0,1945.0,1),"860,911","157,232",18.26%
313,25,滋賀県,昭和,25.0,1950.0,,"861,180",269,0.03%
361,25,滋賀県,昭和,30.0,1955.0,,"853,734","-7,446",-0.87%
409,25,滋賀県,昭和,35.0,1960.0,2),"842,695","-11,039",-1.31%
457,25,滋賀県,昭和,40.0,1965.0,,"853,385","10,690",1.25%
507,25,滋賀県,昭和,45.0,1970.0,,"889,768","36,383",4.09%
557,25,滋賀県,昭和,50.0,1975.0,,"985,621","95,853",9.73%
607,25,滋賀県,昭和,55.0,1980.0,,"1,079,898","94,277",8.73%
657,25,滋賀県,昭和,60.0,1985.0,,"1,155,844","75,946",6.57%
707,25,滋賀県,平成,2.0,1990.0,,"1,222,411","66,567",5.45%
757,25,滋賀県,平成,7.0,1995.0,,"1,287,005","64,594",5.02%
807,25,滋賀県,平成,12.0,2000.0,,"1,342,832","55,827",4.16%
857,25,滋賀県,平成,17.0,2005.0,,"1,380,361","37,529",2.72%
907,25,滋賀県,平成,22.0,2010.0,,"1,410,777","30,416",2.16%
957,25,滋賀県,平成,27.0,2015.0,,"1,412,916","2,139",0.15%
26,26,京都府,大正,9.0,1920.0,,"1,287,147",0,0.00%
74,26,京都府,大正,14.0,1925.0,,"1,406,382","119,235",8.48%
122,26,京都府,昭和,5.0,1930.0,,"1,552,832","146,450",9.43%
170,26,京都府,昭和,10.0,1935.0,,"1,702,508","149,676",8.79%
218,26,京都府,昭和,15.0,1940.0,,"1,729,993","27,485",1.59%
266,26,京都府,昭和,20.0,1945.0,1),"1,603,796","-126,197",-7.87%
314,26,京都府,昭和,25.0,1950.0,,"1,832,934","229,138",12.50%
362,26,京都府,昭和,30.0,1955.0,,"1,935,161","102,227",5.28%
410,26,京都府,昭和,35.0,1960.0,2),"1,993,403","58,242",2.92%
458,26,京都府,昭和,40.0,1965.0,,"2,102,808","109,405",5.20%
508,26,京都府,昭和,45.0,1970.0,,"2,250,087","147,279",6.55%
558,26,京都府,昭和,50.0,1975.0,,"2,424,856","174,769",7.21%
608,26,京都府,昭和,55.0,1980.0,,"2,527,330","102,474",4.05%
658,26,京都府,昭和,60.0,1985.0,,"2,586,574","59,244",2.29%
708,26,京都府,平成,2.0,1990.0,,"2,602,460","15,886",0.61%
758,26,京都府,平成,7.0,1995.0,,"2,629,592","27,132",1.03%
808,26,京都府,平成,12.0,2000.0,,"2,644,391","14,799",0.56%
858,26,京都府,平成,17.0,2005.0,,"2,647,660","3,269",0.12%
908,26,京都府,平成,22.0,2010.0,,"2,636,092","-11,568",-0.44%
958,26,京都府,平成,27.0,2015.0,,"2,610,353","-25,739",-0.99%
27,27,大阪府,大正,9.0,1920.0,,"2,587,847",0,0.00%
75,27,大阪府,大正,14.0,1925.0,,"3,059,502","471,655",15.42%
123,27,大阪府,昭和,5.0,1930.0,,"3,540,017","480,515",13.57%
171,27,大阪府,昭和,10.0,1935.0,,"4,297,174","757,157",17.62%
219,27,大阪府,昭和,15.0,1940.0,,"4,792,966","495,792",10.34%
267,27,大阪府,昭和,20.0,1945.0,1),"2,800,958","-1,992,008",-71.12%
315,27,大阪府,昭和,25.0,1950.0,,"3,857,047","1,056,089",27.38%
363,27,大阪府,昭和,30.0,1955.0,,"4,618,308","761,261",16.48%
411,27,大阪府,昭和,35.0,1960.0,2),"5,504,746","886,438",16.10%
459,27,大阪府,昭和,40.0,1965.0,,"6,657,189","1,152,443",17.31%
509,27,大阪府,昭和,45.0,1970.0,,"7,620,480","963,291",12.64%
559,27,大阪府,昭和,50.0,1975.0,,"8,278,925","658,445",7.95%
609,27,大阪府,昭和,55.0,1980.0,,"8,473,446","194,521",2.30%
659,27,大阪府,昭和,60.0,1985.0,,"8,668,095","194,649",2.25%
709,27,大阪府,平成,2.0,1990.0,,"8,734,516","66,421",0.76%
759,27,大阪府,平成,7.0,1995.0,,"8,797,268","62,752",0.71%
809,27,大阪府,平成,12.0,2000.0,,"8,805,081","7,813",0.09%
859,27,大阪府,平成,17.0,2005.0,,"8,817,166","12,085",0.14%
909,27,大阪府,平成,22.0,2010.0,,"8,865,245","48,079",0.54%
959,27,大阪府,平成,27.0,2015.0,,"8,839,469","-25,776",-0.29%
28,28,兵庫県,大正,9.0,1920.0,,"2,301,799",0,0.00%
76,28,兵庫県,大正,14.0,1925.0,,"2,454,679","152,880",6.23%
124,28,兵庫県,昭和,5.0,1930.0,,"2,646,301","191,622",7.24%
172,28,兵庫県,昭和,10.0,1935.0,,"2,923,249","276,948",9.47%
220,28,兵庫県,昭和,15.0,1940.0,,"3,221,232","297,983",9.25%
268,28,兵庫県,昭和,20.0,1945.0,1),"2,821,892","-399,340",-14.15%
316,28,兵庫県,昭和,25.0,1950.0,,"3,309,935","488,043",14.74%
364,28,兵庫県,昭和,30.0,1955.0,,"3,620,947","311,012",8.59%
412,28,兵庫県,昭和,35.0,1960.0,2),"3,906,487","285,540",7.31%
460,28,兵庫県,昭和,40.0,1965.0,,"4,309,944","403,457",9.36%
510,28,兵庫県,昭和,45.0,1970.0,,"4,667,928","357,984",7.67%
560,28,兵庫県,昭和,50.0,1975.0,,"4,992,140","324,212",6.49%
610,28,兵庫県,昭和,55.0,1980.0,,"5,144,892","152,752",2.97%
660,28,兵庫県,昭和,60.0,1985.0,,"5,278,050","133,158",2.52%
710,28,兵庫県,平成,2.0,1990.0,,"5,405,040","126,990",2.35%
760,28,兵庫県,平成,7.0,1995.0,,"5,401,877","-3,163",-0.06%
810,28,兵庫県,平成,12.0,2000.0,,"5,550,574","148,697",2.68%
860,28,兵庫県,平成,17.0,2005.0,,"5,590,601","40,027",0.72%
910,28,兵庫県,平成,22.0,2010.0,,"5,588,133","-2,468",-0.04%
960,28,兵庫県,平成,27.0,2015.0,,"5,534,800","-53,333",-0.96%
29,29,奈良県,大正,9.0,1920.0,,"564,607",0,0.00%
77,29,奈良県,大正,14.0,1925.0,,"583,828","19,221",3.29%
125,29,奈良県,昭和,5.0,1930.0,,"596,225","12,397",2.08%
173,29,奈良県,昭和,10.0,1935.0,,"620,471","24,246",3.91%
221,29,奈良県,昭和,15.0,1940.0,,"620,509",38,0.01%
269,29,奈良県,昭和,20.0,1945.0,1),"779,685","159,176",20.42%
317,29,奈良県,昭和,25.0,1950.0,,"763,883","-15,802",-2.07%
365,29,奈良県,昭和,30.0,1955.0,,"776,861","12,978",1.67%
413,29,奈良県,昭和,35.0,1960.0,2),"781,058","4,197",0.54%
461,29,奈良県,昭和,40.0,1965.0,,"825,965","44,907",5.44%
511,29,奈良県,昭和,45.0,1970.0,,"930,160","104,195",11.20%
561,29,奈良県,昭和,50.0,1975.0,,"1,077,491","147,331",13.67%
611,29,奈良県,昭和,55.0,1980.0,,"1,209,365","131,874",10.90%
661,29,奈良県,昭和,60.0,1985.0,,"1,304,866","95,501",7.32%
711,29,奈良県,平成,2.0,1990.0,,"1,375,481","70,615",5.13%
761,29,奈良県,平成,7.0,1995.0,,"1,430,862","55,381",3.87%
811,29,奈良県,平成,12.0,2000.0,,"1,442,795","11,933",0.83%
861,29,奈良県,平成,17.0,2005.0,,"1,421,310","-21,485",-1.51%
911,29,奈良県,平成,22.0,2010.0,,"1,400,728","-20,582",-1.47%
961,29,奈良県,平成,27.0,2015.0,,"1,364,316","-36,412",-2.67%
30,30,和歌山県,大正,9.0,1920.0,,"750,411",0,0.00%
78,30,和歌山県,大正,14.0,1925.0,,"787,511","37,100",4.71%
126,30,和歌山県,昭和,5.0,1930.0,,"830,748","43,237",5.20%
174,30,和歌山県,昭和,10.0,1935.0,,"864,087","33,339",3.86%
222,30,和歌山県,昭和,15.0,1940.0,,"865,074",987,0.11%
270,30,和歌山県,昭和,20.0,1945.0,1),"936,006","70,932",7.58%
318,30,和歌山県,昭和,25.0,1950.0,,"982,113","46,107",4.69%
366,30,和歌山県,昭和,30.0,1955.0,,"1,006,819","24,706",2.45%
414,30,和歌山県,昭和,35.0,1960.0,2),"1,002,191","-4,628",-0.46%
462,30,和歌山県,昭和,40.0,1965.0,,"1,026,975","24,784",2.41%
512,30,和歌山県,昭和,45.0,1970.0,,"1,042,736","15,761",1.51%
562,30,和歌山県,昭和,50.0,1975.0,,"1,072,118","29,382",2.74%
612,30,和歌山県,昭和,55.0,1980.0,,"1,087,012","14,894",1.37%
662,30,和歌山県,昭和,60.0,1985.0,,"1,087,206",194,0.02%
712,30,和歌山県,平成,2.0,1990.0,,"1,074,325","-12,881",-1.20%
762,30,和歌山県,平成,7.0,1995.0,,"1,080,435","6,110",0.57%
812,30,和歌山県,平成,12.0,2000.0,,"1,069,912","-10,523",-0.98%
862,30,和歌山県,平成,17.0,2005.0,,"1,035,969","-33,943",-3.28%
912,30,和歌山県,平成,22.0,2010.0,,"1,002,198","-33,771",-3.37%
962,30,和歌山県,平成,27.0,2015.0,,"963,579","-38,619",-4.01%
31,31,鳥取県,大正,9.0,1920.0,,"454,675",0,0.00%
79,31,鳥取県,大正,14.0,1925.0,,"472,230","17,555",3.72%
127,31,鳥取県,昭和,5.0,1930.0,,"489,266","17,036",3.48%
175,31,鳥取県,昭和,10.0,1935.0,,"490,461","1,195",0.24%
223,31,鳥取県,昭和,15.0,1940.0,,"484,390","-6,071",-1.25%
271,31,鳥取県,昭和,20.0,1945.0,1),"563,220","78,830",14.00%
319,31,鳥取県,昭和,25.0,1950.0,,"600,177","36,957",6.16%
367,31,鳥取県,昭和,30.0,1955.0,,"614,259","14,082",2.29%
415,31,鳥取県,昭和,35.0,1960.0,2),"599,135","-15,124",-2.52%
463,31,鳥取県,昭和,40.0,1965.0,,"579,853","-19,282",-3.33%
513,31,鳥取県,昭和,45.0,1970.0,,"568,777","-11,076",-1.95%
563,31,鳥取県,昭和,50.0,1975.0,,"581,311","12,534",2.16%
613,31,鳥取県,昭和,55.0,1980.0,,"604,221","22,910",3.79%
663,31,鳥取県,昭和,60.0,1985.0,,"616,024","11,803",1.92%
713,31,鳥取県,平成,2.0,1990.0,,"615,722",-302,-0.05%
763,31,鳥取県,平成,7.0,1995.0,,"614,929",-793,-0.13%
813,31,鳥取県,平成,12.0,2000.0,,"613,289","-1,640",-0.27%
863,31,鳥取県,平成,17.0,2005.0,,"607,012","-6,277",-1.03%
913,31,鳥取県,平成,22.0,2010.0,,"588,667","-18,345",-3.12%
963,31,鳥取県,平成,27.0,2015.0,,"573,441","-15,226",-2.66%
32,32,島根県,大正,9.0,1920.0,,"714,712",0,0.00%
80,32,島根県,大正,14.0,1925.0,,"722,402","7,690",1.06%
128,32,島根県,昭和,5.0,1930.0,,"739,507","17,105",2.31%
176,32,島根県,昭和,10.0,1935.0,,"747,119","7,612",1.02%
224,32,島根県,昭和,15.0,1940.0,,"740,940","-6,179",-0.83%
272,32,島根県,昭和,20.0,1945.0,1),"860,275","119,335",13.87%
320,32,島根県,昭和,25.0,1950.0,,"912,551","52,276",5.73%
368,32,島根県,昭和,30.0,1955.0,,"929,066","16,515",1.78%
416,32,島根県,昭和,35.0,1960.0,2),"888,886","-40,180",-4.52%
464,32,島根県,昭和,40.0,1965.0,,"821,620","-67,266",-8.19%
514,32,島根県,昭和,45.0,1970.0,,"773,575","-48,045",-6.21%
564,32,島根県,昭和,50.0,1975.0,,"768,886","-4,689",-0.61%
614,32,島根県,昭和,55.0,1980.0,,"784,795","15,909",2.03%
664,32,島根県,昭和,60.0,1985.0,,"794,629","9,834",1.24%
714,32,島根県,平成,2.0,1990.0,,"781,021","-13,608",-1.74%
764,32,島根県,平成,7.0,1995.0,,"771,441","-9,580",-1.24%
814,32,島根県,平成,12.0,2000.0,,"761,503","-9,938",-1.31%
864,32,島根県,平成,17.0,2005.0,,"742,223","-19,280",-2.60%
914,32,島根県,平成,22.0,2010.0,,"717,397","-24,826",-3.46%
964,32,島根県,平成,27.0,2015.0,,"694,352","-23,045",-3.32%
33,33,岡山県,大正,9.0,1920.0,,"1,217,698",0,0.00%
81,33,岡山県,大正,14.0,1925.0,,"1,238,447","20,749",1.68%
129,33,岡山県,昭和,5.0,1930.0,,"1,283,962","45,515",3.54%
177,33,岡山県,昭和,10.0,1935.0,,"1,332,647","48,685",3.65%
225,33,岡山県,昭和,15.0,1940.0,,"1,329,358","-3,289",-0.25%
273,33,岡山県,昭和,20.0,1945.0,1),"1,564,626","235,268",15.04%
321,33,岡山県,昭和,25.0,1950.0,,"1,661,099","96,473",5.81%
369,33,岡山県,昭和,30.0,1955.0,,"1,689,800","28,701",1.70%
417,33,岡山県,昭和,35.0,1960.0,2),"1,670,454","-19,346",-1.16%
465,33,岡山県,昭和,40.0,1965.0,,"1,645,135","-25,319",-1.54%
515,33,岡山県,昭和,45.0,1970.0,,"1,707,026","61,891",3.63%
565,33,岡山県,昭和,50.0,1975.0,,"1,814,305","107,279",5.91%
615,33,岡山県,昭和,55.0,1980.0,,"1,871,023","56,718",3.03%
665,33,岡山県,昭和,60.0,1985.0,,"1,916,906","45,883",2.39%
715,33,岡山県,平成,2.0,1990.0,,"1,925,877","8,971",0.47%
765,33,岡山県,平成,7.0,1995.0,,"1,950,750","24,873",1.28%
815,33,岡山県,平成,12.0,2000.0,,"1,950,828",78,0.00%
865,33,岡山県,平成,17.0,2005.0,,"1,957,264","6,436",0.33%
915,33,岡山県,平成,22.0,2010.0,,"1,945,276","-11,988",-0.62%
965,33,岡山県,平成,27.0,2015.0,,"1,921,525","-23,751",-1.24%
34,34,広島県,大正,9.0,1920.0,,"1,541,905",0,0.00%
82,34,広島県,大正,14.0,1925.0,,"1,617,680","75,775",4.68%
130,34,広島県,昭和,5.0,1930.0,,"1,692,136","74,456",4.40%
178,34,広島県,昭和,10.0,1935.0,,"1,804,916","112,780",6.25%
226,34,広島県,昭和,15.0,1940.0,,"1,869,504","64,588",3.45%
274,34,広島県,昭和,20.0,1945.0,1),"1,885,471","15,967",0.85%
322,34,広島県,昭和,25.0,1950.0,,"2,081,967","196,496",9.44%
370,34,広島県,昭和,30.0,1955.0,,"2,149,044","67,077",3.12%
418,34,広島県,昭和,35.0,1960.0,2),"2,184,043","34,999",1.60%
466,34,広島県,昭和,40.0,1965.0,,"2,281,146","97,103",4.26%
516,34,広島県,昭和,45.0,1970.0,,"2,436,135","154,989",6.36%
566,34,広島県,昭和,50.0,1975.0,,"2,646,324","210,189",7.94%
616,34,広島県,昭和,55.0,1980.0,,"2,739,161","92,837",3.39%
666,34,広島県,昭和,60.0,1985.0,,"2,819,200","80,039",2.84%
716,34,広島県,平成,2.0,1990.0,,"2,849,847","30,647",1.08%
766,34,広島県,平成,7.0,1995.0,,"2,881,748","31,901",1.11%
816,34,広島県,平成,12.0,2000.0,,"2,878,915","-2,833",-0.10%
866,34,広島県,平成,17.0,2005.0,,"2,876,642","-2,273",-0.08%
916,34,広島県,平成,22.0,2010.0,,"2,860,750","-15,892",-0.56%
966,34,広島県,平成,27.0,2015.0,,"2,843,990","-16,760",-0.59%
35,35,山口県,大正,9.0,1920.0,,"1,041,013",0,0.00%
83,35,山口県,大正,14.0,1925.0,,"1,094,544","53,531",4.89%
131,35,山口県,昭和,5.0,1930.0,,"1,135,637","41,093",3.62%
179,35,山口県,昭和,10.0,1935.0,,"1,190,542","54,905",4.61%
227,35,山口県,昭和,15.0,1940.0,,"1,294,242","103,700",8.01%
275,35,山口県,昭和,20.0,1945.0,1),"1,356,491","62,249",4.59%
323,35,山口県,昭和,25.0,1950.0,,"1,540,882","184,391",11.97%
371,35,山口県,昭和,30.0,1955.0,,"1,609,839","68,957",4.28%
419,35,山口県,昭和,35.0,1960.0,2),"1,602,207","-7,632",-0.48%
467,35,山口県,昭和,40.0,1965.0,,"1,543,573","-58,634",-3.80%
517,35,山口県,昭和,45.0,1970.0,,"1,511,448","-32,125",-2.13%
567,35,山口県,昭和,50.0,1975.0,,"1,555,218","43,770",2.81%
617,35,山口県,昭和,55.0,1980.0,,"1,587,079","31,861",2.01%
667,35,山口県,昭和,60.0,1985.0,,"1,601,627","14,548",0.91%
717,35,山口県,平成,2.0,1990.0,,"1,572,616","-29,011",-1.84%
767,35,山口県,平成,7.0,1995.0,,"1,555,543","-17,073",-1.10%
817,35,山口県,平成,12.0,2000.0,,"1,527,964","-27,579",-1.80%
867,35,山口県,平成,17.0,2005.0,,"1,492,606","-35,358",-2.37%
917,35,山口県,平成,22.0,2010.0,,"1,451,338","-41,268",-2.84%
967,35,山口県,平成,27.0,2015.0,,"1,404,729","-46,609",-3.32%
36,36,徳島県,大正,9.0,1920.0,,"670,212",0,0.00%
84,36,徳島県,大正,14.0,1925.0,,"689,814","19,602",2.84%
132,36,徳島県,昭和,5.0,1930.0,,"716,544","26,730",3.73%
180,36,徳島県,昭和,10.0,1935.0,,"728,748","12,204",1.67%
228,36,徳島県,昭和,15.0,1940.0,,"718,717","-10,031",-1.40%
276,36,徳島県,昭和,20.0,1945.0,1),"835,763","117,046",14.00%
324,36,徳島県,昭和,25.0,1950.0,,"878,511","42,748",4.87%
372,36,徳島県,昭和,30.0,1955.0,,"878,109",-402,-0.05%
420,36,徳島県,昭和,35.0,1960.0,2),"847,274","-30,835",-3.64%
468,36,徳島県,昭和,40.0,1965.0,,"815,115","-32,159",-3.95%
518,36,徳島県,昭和,45.0,1970.0,,"791,111","-24,004",-3.03%
568,36,徳島県,昭和,50.0,1975.0,,"805,166","14,055",1.75%
618,36,徳島県,昭和,55.0,1980.0,,"825,261","20,095",2.43%
668,36,徳島県,昭和,60.0,1985.0,,"834,889","9,628",1.15%
718,36,徳島県,平成,2.0,1990.0,,"831,598","-3,291",-0.40%
768,36,徳島県,平成,7.0,1995.0,,"832,427",829,0.10%
818,36,徳島県,平成,12.0,2000.0,,"824,108","-8,319",-1.01%
868,36,徳島県,平成,17.0,2005.0,,"809,950","-14,158",-1.75%
918,36,徳島県,平成,22.0,2010.0,,"785,491","-24,459",-3.11%
968,36,徳島県,平成,27.0,2015.0,,"755,733","-29,758",-3.94%
37,37,香川県,大正,9.0,1920.0,,"677,852",0,0.00%
85,37,香川県,大正,14.0,1925.0,,"700,308","22,456",3.21%
133,37,香川県,昭和,5.0,1930.0,,"732,816","32,508",4.44%
181,37,香川県,昭和,10.0,1935.0,,"748,656","15,840",2.12%
229,37,香川県,昭和,15.0,1940.0,,"730,394","-18,262",-2.50%
277,37,香川県,昭和,20.0,1945.0,1),"863,700","133,306",15.43%
325,37,香川県,昭和,25.0,1950.0,,"946,022","82,322",8.70%
373,37,香川県,昭和,30.0,1955.0,,"943,823","-2,199",-0.23%
421,37,香川県,昭和,35.0,1960.0,2),"918,867","-24,956",-2.72%
469,37,香川県,昭和,40.0,1965.0,,"900,845","-18,022",-2.00%
519,37,香川県,昭和,45.0,1970.0,,"907,897","7,052",0.78%
569,37,香川県,昭和,50.0,1975.0,,"961,292","53,395",5.55%
619,37,香川県,昭和,55.0,1980.0,,"999,864","38,572",3.86%
669,37,香川県,昭和,60.0,1985.0,,"1,022,569","22,705",2.22%
719,37,香川県,平成,2.0,1990.0,,"1,023,412",843,0.08%
769,37,香川県,平成,7.0,1995.0,,"1,027,006","3,594",0.35%
819,37,香川県,平成,12.0,2000.0,,"1,022,890","-4,116",-0.40%
869,37,香川県,平成,17.0,2005.0,,"1,012,400","-10,490",-1.04%
919,37,香川県,平成,22.0,2010.0,,"995,842","-16,558",-1.66%
969,37,香川県,平成,27.0,2015.0,,"976,263","-19,579",-2.01%
38,38,愛媛県,大正,9.0,1920.0,,"1,046,720",0,0.00%
86,38,愛媛県,大正,14.0,1925.0,,"1,096,366","49,646",4.53%
134,38,愛媛県,昭和,5.0,1930.0,,"1,142,122","45,756",4.01%
182,38,愛媛県,昭和,10.0,1935.0,,"1,164,898","22,776",1.96%
230,38,愛媛県,昭和,15.0,1940.0,,"1,178,705","13,807",1.17%
278,38,愛媛県,昭和,20.0,1945.0,1),"1,361,484","182,779",13.42%
326,38,愛媛県,昭和,25.0,1950.0,,"1,521,878","160,394",10.54%
374,38,愛媛県,昭和,30.0,1955.0,,"1,540,628","18,750",1.22%
422,38,愛媛県,昭和,35.0,1960.0,2),"1,500,687","-39,941",-2.66%
470,38,愛媛県,昭和,40.0,1965.0,,"1,446,384","-54,303",-3.75%
520,38,愛媛県,昭和,45.0,1970.0,,"1,418,124","-28,260",-1.99%
570,38,愛媛県,昭和,50.0,1975.0,,"1,465,215","47,091",3.21%
620,38,愛媛県,昭和,55.0,1980.0,,"1,506,637","41,422",2.75%
670,38,愛媛県,昭和,60.0,1985.0,,"1,529,983","23,346",1.53%
720,38,愛媛県,平成,2.0,1990.0,,"1,515,025","-14,958",-0.99%
770,38,愛媛県,平成,7.0,1995.0,,"1,506,700","-8,325",-0.55%
820,38,愛媛県,平成,12.0,2000.0,,"1,493,092","-13,608",-0.91%
870,38,愛媛県,平成,17.0,2005.0,,"1,467,815","-25,277",-1.72%
920,38,愛媛県,平成,22.0,2010.0,,"1,431,493","-36,322",-2.54%
970,38,愛媛県,平成,27.0,2015.0,,"1,385,262","-46,231",-3.34%
39,39,高知県,大正,9.0,1920.0,,"670,895",0,0.00%
87,39,高知県,大正,14.0,1925.0,,"687,478","16,583",2.41%
135,39,高知県,昭和,5.0,1930.0,,"718,152","30,674",4.27%
183,39,高知県,昭和,10.0,1935.0,,"714,980","-3,172",-0.44%
231,39,高知県,昭和,15.0,1940.0,,"709,286","-5,694",-0.80%
279,39,高知県,昭和,20.0,1945.0,1),"775,578","66,292",8.55%
327,39,高知県,昭和,25.0,1950.0,,"873,874","98,296",11.25%
375,39,高知県,昭和,30.0,1955.0,,"882,683","8,809",1.00%
423,39,高知県,昭和,35.0,1960.0,2),"854,595","-28,088",-3.29%
471,39,高知県,昭和,40.0,1965.0,,"812,714","-41,881",-5.15%
521,39,高知県,昭和,45.0,1970.0,,"786,882","-25,832",-3.28%
571,39,高知県,昭和,50.0,1975.0,,"808,397","21,515",2.66%
621,39,高知県,昭和,55.0,1980.0,,"831,275","22,878",2.75%
671,39,高知県,昭和,60.0,1985.0,,"839,784","8,509",1.01%
721,39,高知県,平成,2.0,1990.0,,"825,034","-14,750",-1.79%
771,39,高知県,平成,7.0,1995.0,,"816,704","-8,330",-1.02%
821,39,高知県,平成,12.0,2000.0,,"813,949","-2,755",-0.34%
871,39,高知県,平成,17.0,2005.0,,"796,292","-17,657",-2.22%
921,39,高知県,平成,22.0,2010.0,,"764,456","-31,836",-4.16%
971,39,高知県,平成,27.0,2015.0,,"728,276","-36,180",-4.97%
40,40,福岡県,大正,9.0,1920.0,,"2,188,249",0,0.00%
88,40,福岡県,大正,14.0,1925.0,,"2,301,668","113,419",4.93%
136,40,福岡県,昭和,5.0,1930.0,,"2,527,119","225,451",8.92%
184,40,福岡県,昭和,10.0,1935.0,,"2,755,804","228,685",8.30%
232,40,福岡県,昭和,15.0,1940.0,,"3,094,132","338,328",10.93%
280,40,福岡県,昭和,20.0,1945.0,1),"2,746,855","-347,277",-12.64%
328,40,福岡県,昭和,25.0,1950.0,,"3,530,169","783,314",22.19%
376,40,福岡県,昭和,30.0,1955.0,,"3,859,764","329,595",8.54%
424,40,福岡県,昭和,35.0,1960.0,2),"4,006,679","146,915",3.67%
472,40,福岡県,昭和,40.0,1965.0,,"3,964,611","-42,068",-1.06%
522,40,福岡県,昭和,45.0,1970.0,,"4,027,416","62,805",1.56%
572,40,福岡県,昭和,50.0,1975.0,,"4,292,963","265,547",6.19%
622,40,福岡県,昭和,55.0,1980.0,,"4,553,461","260,498",5.72%
672,40,福岡県,昭和,60.0,1985.0,,"4,719,259","165,798",3.51%
722,40,福岡県,平成,2.0,1990.0,,"4,811,050","91,791",1.91%
772,40,福岡県,平成,7.0,1995.0,,"4,933,393","122,343",2.48%
822,40,福岡県,平成,12.0,2000.0,,"5,015,699","82,306",1.64%
872,40,福岡県,平成,17.0,2005.0,,"5,049,908","34,209",0.68%
922,40,福岡県,平成,22.0,2010.0,,"5,071,968","22,060",0.43%
972,40,福岡県,平成,27.0,2015.0,,"5,101,556","29,588",0.58%
41,41,佐賀県,大正,9.0,1920.0,,"673,895",0,0.00%
89,41,佐賀県,大正,14.0,1925.0,,"684,831","10,936",1.60%
137,41,佐賀県,昭和,5.0,1930.0,,"691,565","6,734",0.97%
185,41,佐賀県,昭和,10.0,1935.0,,"686,117","-5,448",-0.79%
233,41,佐賀県,昭和,15.0,1940.0,,"701,517","15,400",2.20%
281,41,佐賀県,昭和,20.0,1945.0,1),"830,431","128,914",15.52%
329,41,佐賀県,昭和,25.0,1950.0,,"945,082","114,651",12.13%
377,41,佐賀県,昭和,30.0,1955.0,,"973,749","28,667",2.94%
425,41,佐賀県,昭和,35.0,1960.0,2),"942,874","-30,875",-3.27%
473,41,佐賀県,昭和,40.0,1965.0,,"871,885","-70,989",-8.14%
523,41,佐賀県,昭和,45.0,1970.0,,"838,468","-33,417",-3.99%
573,41,佐賀県,昭和,50.0,1975.0,,"837,674",-794,-0.09%
623,41,佐賀県,昭和,55.0,1980.0,,"865,574","27,900",3.22%
673,41,佐賀県,昭和,60.0,1985.0,,"880,013","14,439",1.64%
723,41,佐賀県,平成,2.0,1990.0,,"877,851","-2,162",-0.25%
773,41,佐賀県,平成,7.0,1995.0,,"884,316","6,465",0.73%
823,41,佐賀県,平成,12.0,2000.0,,"876,654","-7,662",-0.87%
873,41,佐賀県,平成,17.0,2005.0,,"866,369","-10,285",-1.19%
923,41,佐賀県,平成,22.0,2010.0,,"849,788","-16,581",-1.95%
973,41,佐賀県,平成,27.0,2015.0,,"832,832","-16,956",-2.04%
42,42,長崎県,大正,9.0,1920.0,,"1,136,182",0,0.00%
90,42,長崎県,大正,14.0,1925.0,,"1,163,945","27,763",2.39%
138,42,長崎県,昭和,5.0,1930.0,,"1,233,362","69,417",5.63%
186,42,長崎県,昭和,10.0,1935.0,,"1,296,883","63,521",4.90%
234,42,長崎県,昭和,15.0,1940.0,,"1,370,063","73,180",5.34%
282,42,長崎県,昭和,20.0,1945.0,1),"1,318,589","-51,474",-3.90%
330,42,長崎県,昭和,25.0,1950.0,,"1,645,492","326,903",19.87%
378,42,長崎県,昭和,30.0,1955.0,,"1,747,596","102,104",5.84%
426,42,長崎県,昭和,35.0,1960.0,2),"1,760,421","12,825",0.73%
474,42,長崎県,昭和,40.0,1965.0,,"1,641,245","-119,176",-7.26%
524,42,長崎県,昭和,45.0,1970.0,,"1,570,245","-71,000",-4.52%
574,42,長崎県,昭和,50.0,1975.0,,"1,571,912","1,667",0.11%
624,42,長崎県,昭和,55.0,1980.0,,"1,590,564","18,652",1.17%
674,42,長崎県,昭和,60.0,1985.0,,"1,593,968","3,404",0.21%
724,42,長崎県,平成,2.0,1990.0,,"1,562,959","-31,009",-1.98%
774,42,長崎県,平成,7.0,1995.0,,"1,544,934","-18,025",-1.17%
824,42,長崎県,平成,12.0,2000.0,,"1,516,523","-28,411",-1.87%
874,42,長崎県,平成,17.0,2005.0,,"1,478,632","-37,891",-2.56%
924,42,長崎県,平成,22.0,2010.0,,"1,426,779","-51,853",-3.63%
974,42,長崎県,平成,27.0,2015.0,,"1,377,187","-49,592",-3.60%
43,43,熊本県,大正,9.0,1920.0,,"1,233,233",0,0.00%
91,43,熊本県,大正,14.0,1925.0,,"1,296,086","62,853",4.85%
139,43,熊本県,昭和,5.0,1930.0,,"1,353,993","57,907",4.28%
187,43,熊本県,昭和,10.0,1935.0,,"1,387,054","33,061",2.38%
235,43,熊本県,昭和,15.0,1940.0,,"1,368,179","-18,875",-1.38%
283,43,熊本県,昭和,20.0,1945.0,1),"1,556,490","188,311",12.10%
331,43,熊本県,昭和,25.0,1950.0,,"1,827,582","271,092",14.83%
379,43,熊本県,昭和,30.0,1955.0,,"1,895,663","68,081",3.59%
427,43,熊本県,昭和,35.0,1960.0,2),"1,856,192","-39,471",-2.13%
475,43,熊本県,昭和,40.0,1965.0,,"1,770,736","-85,456",-4.83%
525,43,熊本県,昭和,45.0,1970.0,,"1,700,229","-70,507",-4.15%
575,43,熊本県,昭和,50.0,1975.0,,"1,715,273","15,044",0.88%
625,43,熊本県,昭和,55.0,1980.0,,"1,790,327","75,054",4.19%
675,43,熊本県,昭和,60.0,1985.0,,"1,837,747","47,420",2.58%
725,43,熊本県,平成,2.0,1990.0,,"1,840,326","2,579",0.14%
775,43,熊本県,平成,7.0,1995.0,,"1,859,793","19,467",1.05%
825,43,熊本県,平成,12.0,2000.0,,"1,859,344",-449,-0.02%
875,43,熊本県,平成,17.0,2005.0,,"1,842,233","-17,111",-0.93%
925,43,熊本県,平成,22.0,2010.0,,"1,817,426","-24,807",-1.36%
975,43,熊本県,平成,27.0,2015.0,,"1,786,170","-31,256",-1.75%
44,44,大分県,大正,9.0,1920.0,,"860,282",0,0.00%
92,44,大分県,大正,14.0,1925.0,,"915,136","54,854",5.99%
140,44,大分県,昭和,5.0,1930.0,,"945,771","30,635",3.24%
188,44,大分県,昭和,10.0,1935.0,,"980,458","34,687",3.54%
236,44,大分県,昭和,15.0,1940.0,,"972,975","-7,483",-0.77%
284,44,大分県,昭和,20.0,1945.0,1),"1,124,513","151,538",13.48%
332,44,大分県,昭和,25.0,1950.0,,"1,252,999","128,486",10.25%
380,44,大分県,昭和,30.0,1955.0,,"1,277,199","24,200",1.89%
428,44,大分県,昭和,35.0,1960.0,2),"1,239,655","-37,544",-3.03%
476,44,大分県,昭和,40.0,1965.0,,"1,187,480","-52,175",-4.39%
526,44,大分県,昭和,45.0,1970.0,,"1,155,566","-31,914",-2.76%
576,44,大分県,昭和,50.0,1975.0,,"1,190,314","34,748",2.92%
626,44,大分県,昭和,55.0,1980.0,,"1,228,913","38,599",3.14%
676,44,大分県,昭和,60.0,1985.0,,"1,250,214","21,301",1.70%
726,44,大分県,平成,2.0,1990.0,,"1,236,942","-13,272",-1.07%
776,44,大分県,平成,7.0,1995.0,,"1,231,306","-5,636",-0.46%
826,44,大分県,平成,12.0,2000.0,,"1,221,140","-10,166",-0.83%
876,44,大分県,平成,17.0,2005.0,,"1,209,571","-11,569",-0.96%
926,44,大分県,平成,22.0,2010.0,,"1,196,529","-13,042",-1.09%
976,44,大分県,平成,27.0,2015.0,,"1,166,338","-30,191",-2.59%
45,45,宮崎県,大正,9.0,1920.0,,"651,097",0,0.00%
93,45,宮崎県,大正,14.0,1925.0,,"691,094","39,997",5.79%
141,45,宮崎県,昭和,5.0,1930.0,,"760,467","69,373",9.12%
189,45,宮崎県,昭和,10.0,1935.0,,"824,431","63,964",7.76%
237,45,宮崎県,昭和,15.0,1940.0,,"840,357","15,926",1.90%
285,45,宮崎県,昭和,20.0,1945.0,1),"913,687","73,330",8.03%
333,45,宮崎県,昭和,25.0,1950.0,,"1,091,427","177,740",16.29%
381,45,宮崎県,昭和,30.0,1955.0,,"1,139,384","47,957",4.21%
429,45,宮崎県,昭和,35.0,1960.0,2),"1,134,590","-4,794",-0.42%
477,45,宮崎県,昭和,40.0,1965.0,,"1,080,692","-53,898",-4.99%
527,45,宮崎県,昭和,45.0,1970.0,,"1,051,105","-29,587",-2.81%
577,45,宮崎県,昭和,50.0,1975.0,,"1,085,055","33,950",3.13%
627,45,宮崎県,昭和,55.0,1980.0,,"1,151,587","66,532",5.78%
677,45,宮崎県,昭和,60.0,1985.0,,"1,175,543","23,956",2.04%
727,45,宮崎県,平成,2.0,1990.0,,"1,168,907","-6,636",-0.57%
777,45,宮崎県,平成,7.0,1995.0,,"1,175,819","6,912",0.59%
827,45,宮崎県,平成,12.0,2000.0,,"1,170,007","-5,812",-0.50%
877,45,宮崎県,平成,17.0,2005.0,,"1,153,042","-16,965",-1.47%
927,45,宮崎県,平成,22.0,2010.0,,"1,135,233","-17,809",-1.57%
977,45,宮崎県,平成,27.0,2015.0,,"1,104,069","-31,164",-2.82%
46,46,鹿児島県,大正,9.0,1920.0,,"1,415,582",0,0.00%
94,46,鹿児島県,大正,14.0,1925.0,,"1,472,193","56,611",3.85%
142,46,鹿児島県,昭和,5.0,1930.0,,"1,556,690","84,497",5.43%
190,46,鹿児島県,昭和,10.0,1935.0,,"1,591,466","34,776",2.19%
238,46,鹿児島県,昭和,15.0,1940.0,,"1,589,467","-1,999",-0.13%
286,46,鹿児島県,昭和,20.0,1945.0,1),"1,538,466","-51,001",-3.32%
334,46,鹿児島県,昭和,25.0,1950.0,,"1,804,118","265,652",14.72%
382,46,鹿児島県,昭和,30.0,1955.0,,"2,044,112","239,994",11.74%
430,46,鹿児島県,昭和,35.0,1960.0,2),"1,963,104","-81,008",-4.13%
478,46,鹿児島県,昭和,40.0,1965.0,,"1,853,541","-109,563",-5.91%
528,46,鹿児島県,昭和,45.0,1970.0,,"1,729,150","-124,391",-7.19%
578,46,鹿児島県,昭和,50.0,1975.0,,"1,723,902","-5,248",-0.30%
628,46,鹿児島県,昭和,55.0,1980.0,,"1,784,623","60,721",3.40%
678,46,鹿児島県,昭和,60.0,1985.0,,"1,819,270","34,647",1.90%
728,46,鹿児島県,平成,2.0,1990.0,,"1,797,824","-21,446",-1.19%
778,46,鹿児島県,平成,7.0,1995.0,,"1,794,224","-3,600",-0.20%
828,46,鹿児島県,平成,12.0,2000.0,,"1,786,194","-8,030",-0.45%
878,46,鹿児島県,平成,17.0,2005.0,,"1,753,179","-33,015",-1.88%
928,46,鹿児島県,平成,22.0,2010.0,,"1,706,242","-46,937",-2.75%
978,46,鹿児島県,平成,27.0,2015.0,,"1,648,177","-58,065",-3.52%
47,47,沖縄県,大正,9.0,1920.0,,"571,572","-1,076,605",-188.36%
95,47,沖縄県,大正,14.0,1925.0,,"557,622","-13,950",-2.50%
143,47,沖縄県,昭和,5.0,1930.0,,"577,509","19,887",3.44%
191,47,沖縄県,昭和,10.0,1935.0,,"592,494","14,985",2.53%
239,47,沖縄県,昭和,15.0,1940.0,,"574,579","-17,915",-3.12%
335,47,沖縄県,昭和,25.0,1950.0,,"914,937","340,358",37.20%
383,47,沖縄県,昭和,30.0,1955.0,,"801,065","-113,872",-14.22%
431,47,沖縄県,昭和,35.0,1960.0,2),"883,122","82,057",9.29%
479,47,沖縄県,昭和,40.0,1965.0,,"934,176","51,054",5.47%
529,47,沖縄県,昭和,45.0,1970.0,,"945,111","10,935",1.16%
579,47,沖縄県,昭和,50.0,1975.0,,"1,042,572","97,461",9.35%
629,47,沖縄県,昭和,55.0,1980.0,,"1,106,559","63,987",5.78%
679,47,沖縄県,昭和,60.0,1985.0,,"1,179,097","72,538",6.15%
729,47,沖縄県,平成,2.0,1990.0,,"1,222,398","43,301",3.54%
779,47,沖縄県,平成,7.0,1995.0,,"1,273,440","51,042",4.01%
829,47,沖縄県,平成,12.0,2000.0,,"1,318,220","44,780",3.40%
879,47,沖縄県,平成,17.0,2005.0,,"1,361,594","43,374",3.19%
929,47,沖縄県,平成,22.0,2010.0,,"1,392,818","31,224",2.24%
979,47,沖縄県,平成,27.0,2015.0,,"1,433,566","40,748",2.84%
